workload, TSP
GD1, 0.037169  
ZPop_UnitC, 0.368789  
GD3.DynPromote.100, 0.107510  
ZipfFixedDriver.IntHigh.100, 0.377038  
GD2, 0.086508  
GD3, 0.089635  
Z(0.750000)P1C, 0.113586  
WorkingSetUC(10; 1), 0.100587
