driver, K, U, Reqs, Zipf_A, S_Hyper(0e+00; 0.100), S_HyperExpiry(1.010)(0e+00; 0.100)
Uniform(e = call), 1.000e+02, 1.000e+05, 1.100e+06, 1.000, 0.998987, 0.998988
Uniform(e = call), 2.500e+02, 1.000e+05, 1.100e+06, 1.000, 0.997845, 0.997458
Uniform(e = call), 5.000e+02, 1.000e+05, 1.099e+06, 1.000, 0.995967, 0.994975
Uniform(e = call), 7.500e+02, 1.000e+05, 1.099e+06, 1.000, 0.994070, 0.992398
Uniform(e = call), 1.000e+03, 1.000e+05, 1.099e+06, 1.000, 0.992140, 0.989862
Uniform(e = call), 1.500e+03, 1.000e+05, 1.098e+06, 1.000, 0.988368, 0.984917
Uniform(e = call), 2.000e+03, 1.000e+05, 1.098e+06, 1.000, 0.984628, 0.979891
Uniform(e = call), 3.000e+03, 1.000e+05, 1.097e+06, 1.000, 0.977064, 0.969899
Uniform(e = call), 4.000e+03, 1.000e+05, 1.096e+06, 1.000, 0.969557, 0.960048
Uniform(e = call), 5.000e+03, 1.000e+05, 1.095e+06, 1.000, 0.962125, 0.949958
Uniform(e = call), 7.500e+03, 1.000e+05, 1.092e+06, 1.000, 0.943277, 0.925292
Uniform(e = call), 1.000e+04, 1.000e+05, 1.089e+06, 1.000, 0.924438, 0.900617
Uniform(e = call), 1.500e+04, 1.000e+05, 1.084e+06, 1.000, 0.886753, 0.850801
Uniform(e = call), 2.000e+04, 1.000e+05, 1.078e+06, 1.000, 0.848990, 0.801366
Uniform(e = call), 3.000e+04, 1.000e+05, 1.064e+06, 1.000, 0.773372, 0.702450
Uniform(e = call), 4.000e+04, 1.000e+05, 1.049e+06, 1.000, 0.697956, 0.604143
Uniform(e = call), 5.000e+04, 1.000e+05, 1.031e+06, 1.000, 0.622611, 0.506624
Uniform(e = call), 7.500e+04, 1.000e+05, 1.000e+06, 1.000, 0.437497, 0.294543
Uniform(e = call), 1.000e+05, 1.000e+05, 1.000e+06, 1.000, 0.276737, 0.276737
Uniform(e = call), 1.500e+05, 1.000e+05, 1.000e+06, 1.000, 0.276737, 0.276737
