driver, K, U, Reqs, Zipf_A, S_Hyper(0e+00; 0.100), S_HyperExpiry(1.010)(0e+00; 0.100)
Uniform(e = call), 1.000e+02, 1.000e+05, 1.000e+06, 1.000, 0.999000, 0.998980
Uniform(e = call), 2.500e+02, 1.000e+05, 1.000e+06, 1.000, 0.998243, 0.997464
Uniform(e = call), 5.000e+02, 1.000e+05, 1.000e+06, 1.000, 0.997029, 0.994993
Uniform(e = call), 7.500e+02, 1.000e+05, 1.000e+06, 1.000, 0.995746, 0.992429
Uniform(e = call), 1.000e+03, 1.000e+05, 1.000e+06, 1.000, 0.994445, 0.990004
Uniform(e = call), 1.500e+03, 1.000e+05, 1.000e+06, 1.000, 0.991945, 0.984964
Uniform(e = call), 2.000e+03, 1.000e+05, 1.000e+06, 1.000, 0.989430, 0.980077
Uniform(e = call), 3.000e+03, 1.000e+05, 1.000e+06, 1.000, 0.984312, 0.970326
Uniform(e = call), 4.000e+03, 1.000e+05, 1.000e+06, 1.000, 0.979248, 0.960229
Uniform(e = call), 5.000e+03, 1.000e+05, 1.000e+06, 1.000, 0.974235, 0.950244
Uniform(e = call), 7.500e+03, 1.000e+05, 1.000e+06, 1.000, 0.961606, 0.925852
Uniform(e = call), 1.000e+04, 1.000e+05, 1.000e+06, 1.000, 0.949092, 0.901553
Uniform(e = call), 1.500e+04, 1.000e+05, 1.000e+06, 1.000, 0.923768, 0.851840
Uniform(e = call), 2.000e+04, 1.000e+05, 1.000e+06, 1.000, 0.898658, 0.802693
Uniform(e = call), 3.000e+04, 1.000e+05, 1.000e+06, 1.000, 0.848173, 0.705355
Uniform(e = call), 4.000e+04, 1.000e+05, 1.000e+06, 1.000, 0.797508, 0.611723
Uniform(e = call), 5.000e+04, 1.000e+05, 1.000e+06, 1.000, 0.747509, 0.534127
Uniform(e = call), 7.500e+04, 1.000e+05, 1.000e+06, 1.000, 0.624387, 0.517431
Uniform(e = call), 1.000e+05, 1.000e+05, 1.000e+06, 1.000, 0.517431, 0.517431
Uniform(e = call), 1.500e+05, 1.000e+05, 1.000e+06, 1.000, 0.517431, 0.517431
