driver, K, U, Reqs, Zipf_A, S_Hyper(0e+00; 0.100), S_HyperExpiry(1.010)(0e+00; 0.100)
Uniform(e = call), 1.000e+02, 1.000e+05, 1.000e+06, 1.000, 0.998995, 0.998986
Uniform(e = call), 2.500e+02, 1.000e+05, 1.000e+06, 1.000, 0.997643, 0.997514
Uniform(e = call), 5.000e+02, 1.000e+05, 1.000e+06, 1.000, 0.995400, 0.994886
Uniform(e = call), 7.500e+02, 1.000e+05, 1.000e+06, 1.000, 0.993128, 0.992496
Uniform(e = call), 1.000e+03, 1.000e+05, 1.000e+06, 1.000, 0.990841, 0.989948
Uniform(e = call), 1.500e+03, 1.000e+05, 1.000e+06, 1.000, 0.986366, 0.984984
Uniform(e = call), 2.000e+03, 1.000e+05, 1.000e+06, 1.000, 0.981914, 0.980143
Uniform(e = call), 3.000e+03, 1.000e+05, 1.000e+06, 1.000, 0.972945, 0.970050
Uniform(e = call), 4.000e+03, 1.000e+05, 1.000e+06, 1.000, 0.963993, 0.960219
Uniform(e = call), 5.000e+03, 1.000e+05, 1.000e+06, 1.000, 0.955059, 0.950236
Uniform(e = call), 7.500e+03, 1.000e+05, 1.000e+06, 1.000, 0.932480, 0.925117
Uniform(e = call), 1.000e+04, 1.000e+05, 1.000e+06, 1.000, 0.910039, 0.900066
Uniform(e = call), 1.500e+04, 1.000e+05, 1.000e+06, 1.000, 0.864890, 0.850256
Uniform(e = call), 2.000e+04, 1.000e+05, 1.000e+06, 1.000, 0.819729, 0.800933
Uniform(e = call), 3.000e+04, 1.000e+05, 1.000e+06, 1.000, 0.729456, 0.700517
Uniform(e = call), 4.000e+04, 1.000e+05, 1.000e+06, 1.000, 0.638952, 0.600574
Uniform(e = call), 5.000e+04, 1.000e+05, 1.000e+06, 1.000, 0.548672, 0.501510
Uniform(e = call), 7.500e+04, 1.000e+05, 1.000e+06, 1.000, 0.326004, 0.261290
Uniform(e = call), 1.000e+05, 1.000e+05, 1.000e+06, 1.000, 0.132979, 0.132979
Uniform(e = call), 1.500e+05, 1.000e+05, 1.000e+06, 1.000, 0.132979, 0.132979
